,val_loss,val_acc,loss,acc,experiment,epoch
0,1.0359756764769554,0.7967666244506836,1.1742544788122178,0.7688878631591797,0.0,0.0
